Algorithm,RMS_Speed_Error,RMS_Jerk,RMS_Steering_Rate,RMS_Lateral_Deviation,Total_Energy_kWh,Overtaking_Time_s
LQR,3.0455433159412184,6.975050930439776,2.4833571512103574,2.617735802042114,0.084984250073682,19.500000000000007
PID,1.9801234166775425,2.5669148632830376,8.004846211197819,2.6644793012378,0.07842648557904454,19.80000000000001
MPC,2.6123741378175147,4.327924396312997,0.45161806172116337,1.525396000949631,0.08560658696243037,11.999999999999972
