Algorithm,RMS_Speed_Error,RMS_Jerk,RMS_Steering_Rate,RMS_Lateral_Deviation,Total_Energy_kWh,Overtaking_Time_s
mpc_results,2.5992972169546498,5.918912160320371,1.0779569602752,1.1270222867528845,0.07061798200074362,12.099999999999971
