Algorithm,RMS_Speed_Error,RMS_Jerk,RMS_Steering_Rate,RMS_Lateral_Deviation,Total_Energy_kWh,Overtaking_Time_s
LQR,3.0455433159412184,6.975050930439776,2.4833571512103574,2.617735802042114,0.06808789764323174,19.500000000000007
PID,1.9801234166775425,2.5669148632830376,8.004846211197819,2.6644793012378,0.06280387738732243,19.80000000000001
MPC,2.606707755269202,4.55526308006078,0.5727601188196246,1.3480412610419878,0.07037292362227902,11.999999999999972
